-- phpMyAdmin SQL Dump
-- version 4.0.9
-- http://www.phpmyadmin.net
--
-- Хост: 127.0.0.1
-- Время создания: Янв 15 2015 г., 17:02
-- Версия сервера: 5.6.14
-- Версия PHP: 5.5.6

SET SQL_MODE = "NO_AUTO_VALUE_ON_ZERO";
SET time_zone = "+00:00";


/*!40101 SET @OLD_CHARACTER_SET_CLIENT=@@CHARACTER_SET_CLIENT */;
/*!40101 SET @OLD_CHARACTER_SET_RESULTS=@@CHARACTER_SET_RESULTS */;
/*!40101 SET @OLD_COLLATION_CONNECTION=@@COLLATION_CONNECTION */;
/*!40101 SET NAMES utf8 */;

--
-- База данных: `syrym`
--

-- --------------------------------------------------------

--
-- Структура таблицы `apartment`
--

CREATE TABLE IF NOT EXISTS `apartment` (
  `id` int(11) NOT NULL AUTO_INCREMENT,
  `rooms` int(11) NOT NULL,
  `price` int(11) NOT NULL,
  `type_building` varchar(30) NOT NULL,
  `year_built` varchar(10) NOT NULL,
  `floor` int(11) NOT NULL,
  `out_floor` int(11) NOT NULL,
  `area` int(11) NOT NULL,
  `livingroom_area` int(11) NOT NULL,
  `kitchen` int(11) NOT NULL,
  `status` varchar(30) NOT NULL,
  `phone_type` varchar(30) NOT NULL,
  `internet` varchar(30) NOT NULL,
  `wc` varchar(30) NOT NULL,
  `balcony` varchar(30) NOT NULL,
  `balcony_round` varchar(5) DEFAULT NULL,
  `door` varchar(30) NOT NULL,
  `parking` varchar(30) NOT NULL,
  `furniture` varchar(30) NOT NULL,
  `pol` varchar(50) NOT NULL,
  `height_ceiling` double NOT NULL,
  `virtual_tur` varchar(50) DEFAULT NULL,
  `security` varchar(100) NOT NULL,
  `region` varchar(100) NOT NULL,
  `residential_complex` varchar(50) NOT NULL,
  `main_street` varchar(30) NOT NULL,
  `home_number` int(11) NOT NULL,
  `second_street` varchar(30) NOT NULL,
  `longitude` double NOT NULL,
  `latitude` double NOT NULL,
  `advanced_info` text NOT NULL,
  `time_added` datetime NOT NULL,
  `hot_offers` varchar(3) NOT NULL,
  PRIMARY KEY (`id`)
) ENGINE=InnoDB  DEFAULT CHARSET=utf8 AUTO_INCREMENT=17 ;

--
-- Дамп данных таблицы `apartment`
--

INSERT INTO `apartment` (`id`, `rooms`, `price`, `type_building`, `year_built`, `floor`, `out_floor`, `area`, `livingroom_area`, `kitchen`, `status`, `phone_type`, `internet`, `wc`, `balcony`, `balcony_round`, `door`, `parking`, `furniture`, `pol`, `height_ceiling`, `virtual_tur`, `security`, `region`, `residential_complex`, `main_street`, `home_number`, `second_street`, `longitude`, `latitude`, `advanced_info`, `time_added`, `hot_offers`) VALUES
(7, 2, 120000, 'кирпичный', '2012', 1, 20, 42, 32, 9, 'хорошее', 'отдельный', 'ADSL', '2 с/у и более', 'балкон и лоджия', 'да', 'металическая', 'рядом охраняемая стоянка', 'полностью меблирована', 'паркет', 3.5, '1406805571edempalas', 'решетки на окнах,охрана,домофон,кодовый замок,сигнализация', 'Сарыаркинский', 'Akbulak Hills', 'Абая', 45, 'Ленина', 71.42572402954102, 51.15953813744126, 'Квартира солнечная теплая документы на руках Только за наличные Во дворе дома есть паркинг рядом 59 школа Услуги агенства 1%\r\nпластиковые окна, неугловая, улучшенная, комнаты изолированы, встроенная кухня, тихий двор', '2014-07-31 13:20:04', 'да'),
(8, 3, 180000, 'кирпичный', '2008', 2, 6, 120, 90, 15, 'хорошее', 'блокиратор', 'Через TV кабель', '2 с/у и более', 'балкон и лоджия', 'да', 'металическая', 'рядом охраняемая стоянка', 'частично мебилировання', 'паркет', 3.15, '1407047217example', 'решетки на окнах,охрана,сигнализация,видеодомофон', 'Есильский', '7 Бочек', 'Казыбек-би', 5, 'Байтурсынова', 71.39688491821289, 51.12291985328197, '«Продается 2-х комнатная квартира улучшенной планировки 58 кв. м, на 3 этаже 12-ти этажного дома, построенного в 2012 году. В квартире сделан ремонт, установлена новая сантехника, пластиковые окна. Балкон-лоджия, солнечная сторона, очень теплая, санузел совм., подведены домофон, Интернет и телефон, рядом Керуен, Азия-парк, РДЦ, супермаркеты, школа, детский сад, круглосуточная свободная парковка вокруг дома, собственная инфраструктура, удобная планировка, два бесшумных, скоростных лифта', '2014-08-03 08:28:19', 'да'),
(9, 3, 350000, 'кирпичный', '2013', 2, 5, 127, 95, 12, 'евроремонт', 'блокиратор', 'ADSL', '2 с/у и более', 'несколько балконов и лоджий', 'да', 'бронированная', 'рядом охраняемая стоянка', 'частично мебилировання', 'ламинат', 3, '1407047555edempalas', 'решетки на окнах,охрана,домофон,сигнализация,видеонаблюдение,видеодомофон,консьерж', 'Есильский', 'Akbulak Town', 'Туран', 23, 'Сыганак', 71.40718460083008, 51.12421275782688, 'Идеальное место расположение. Жилой комплекс Оркен де Люкс. - это дом премиум-класса в шаговой близости от ТРЦ "Хан-шатыр", ТРЦ "Сары-Арка" и сети ресторанов. Комфорт, роскошь, безопасность, спокойствие, обособленность - это всё про жилой комплекс Оркен де Люкс. Авторский дизайн - использованы дорогие качественные материалы, имеется просторная гардеробная и встроенная кухня с Юж. Кор камнем. Огороженный двор с оборудованной детской площадкой, озеленение территории, охрана - всё это делает Ваше проживание в этом комплексе комфортным безопасным и приятным. Охрана, лифт, домофон, паркинг в доме (все окна солнечную сторону - на ТРЦ "Хан-Шатыр", Театр оперы и балета). Не все фото выложены на сайт!Очень красивые спальные комнаты с видом на Хан Шатыр. При обмене на Алматы цена выше.', '2014-08-03 08:33:50', 'да'),
(10, 1, 65000, 'кирпичный', '2009', 5, 5, 35, 20, 9, 'хорошее', 'блокиратор', 'ADSL', 'совмещенный', 'балкон', 'да', 'металическая', 'рядом охраняемая стоянка', 'пустая', 'пробковое', 2.75, '1407047846example', 'решетки на окнах,кодовый замок,сигнализация,видеодомофон,консьерж', 'Сарыаркинский', 'Аврора', 'Пушкина', 17, 'Кенесары', 71.4082145690918, 51.16061470610236, '', '2014-08-03 08:38:30', 'да'),
(11, 3, 190000, 'undefined', '2010', 9, 16, 93, 70, 16, 'хорошее', 'отдельный', 'ADSL', 'раздельный', 'балкон и лоджия', 'нет', 'металическая', 'паркинг', 'частично мебилировання', 'паркет', 2, '1407048057example', 'решетки на окнах,домофон,сигнализация,консьерж', 'Алматинский', 'Адель', 'Алаш', 26, 'Кудайбердыулы', 71.39894485473633, 51.1625524663824, 'неугловая, улучшенная, комнаты изолированы, встроенная кухня, кладовка, счётчики, тихий двор', '2014-08-03 08:41:59', 'да'),
(12, 4, 390000, 'кирпичный', '2007', 12, 13, 180, 150, 15, 'евроремонт', 'отдельный', 'ADSL', '2 с/у и более', 'балкон и лоджия', 'да', 'бронированная', 'паркинг', 'полностью меблирована', 'ламинат', 3.1, '1407048433example', 'решетки на окнах,домофон,видеонаблюдение,консьерж', 'Алматинский', 'Апато Тауэр', 'Кенесары', 35, 'Республики', 71.42889976501465, 51.16352131599831, 'Просторная 4х комн. кв. с отличной планировкой в ЖК Каминный. Дизайнерский ремонт в классическом стиле. Теплый пол, 3 просторных спалньни, большой зал с мебелью. 2 лифта Sigma, консьерж, изолированный двор, в доме подземный 2х уровневый паркинг, застройщик Astana Trade International. Варианты ! обмен на две квартиры в Астане .', '2014-08-03 08:48:26', 'да'),
(13, 4, 690000, 'монолитный', '2014', 6, 7, 200, 150, 12, 'евроремонт', 'блокиратор', 'ADSL', 'совмещенный', 'лоджия', 'нет', 'бронированная', 'паркинг', 'полностью меблирована', 'пробковое', 3, '1407048684example', ',охрана,сигнализация,видеодомофон,консьерж', 'Алматинский', 'Миланский квартал', 'Кенесары', 36, 'Момышулы', 71.5070915222168, 51.12938401413808, 'Один из самых элитных комплексов Астаны. Самый престижный 6-й этаж во втором блоке. Терраса площадью 25 кв. м с шикарным видом панорамы левого и правого берегов и реки. Индивидуальная доработанная планировка квартиры площадью 175 кв. м. Три спальные комнаты, зал с окнами до пола, большая гардеробная, застекленная лоджия на кухне. Проведена полная подготовка к установке "умного дома", подготовка под "чистовой ремонт". Уникальное предложение.', '2014-08-03 08:53:47', 'да'),
(14, 3, 120000, 'кирпичный', '2009', 1, 5, 200, 175, 15, 'хорошее', 'отдельный', 'undefined', 'раздельный', 'лоджия', 'да', 'деревьянная', 'гараж', 'полностью меблирована', 'паркет', 3.15, '', '', 'Есильский', '', 'Жамбыл', 320, 'Леветана', 0, 0, '', '2014-08-07 21:31:01', ''),
(15, 2, 85000, 'кирпичный', '2004', 6, 9, 80, 60, 12, 'евроремонт', 'блокиратор', 'ADSL', 'раздельный', 'балкон', 'да', 'металическая', 'паркинг', 'полностью меблирована', 'линолеум', 3.15, '1407517102example', 'решетки на окнах,охрана,домофон,кодовый замок,сигнализация', 'Сарыаркинский', '13 магистраль', 'Валиханова ', 54, 'Ленина', 71.39276504516602, 51.16513602013777, '', '2014-08-08 18:58:47', ''),
(16, 2, 100000, 'кирпичный', '2013', 3, 9, 100, 80, 12, 'евроремонт', 'отдельный', 'Через TV кабель', 'undefined', 'лоджия', 'нет', 'металическая', 'гараж', 'частично мебилировання', 'паркет', 3.15, '', 'решетки на окнах,домофон,кодовый замок,сигнализация,видеодомофон,консьерж', 'Есильский', '7 Бочек', 'Мустафина ', 16, 'Фрунзе', 71.45559310913086, 51.15846154365691, 'в 15 минутах езды от центра города. Удобные подъездные пути, развитая инфраструктура, оптомаркет «Арзан», детские площадки, школы, магазины, аптеки. Высококачественные скоростные лифты Mitsubishi. Документы тех план, договор купли-продажи, все на руках, полное сопровождение гарантируем, работаем без праздников и выходных, прежние название комплекса "Акселькент". рассрочки у нас нет!', '2014-08-09 13:07:15', '');

-- --------------------------------------------------------

--
-- Структура таблицы `apartment_rent`
--

CREATE TABLE IF NOT EXISTS `apartment_rent` (
  `id` int(11) NOT NULL AUTO_INCREMENT,
  `rooms` int(11) NOT NULL,
  `price` int(11) NOT NULL,
  `how_rent` varchar(20) NOT NULL,
  `type_building` varchar(30) NOT NULL,
  `year_built` varchar(10) NOT NULL,
  `floor` int(11) NOT NULL,
  `out_floor` int(11) NOT NULL,
  `area` int(11) NOT NULL,
  `livingroom_area` int(11) NOT NULL,
  `kitchen` int(11) NOT NULL,
  `status` varchar(30) NOT NULL,
  `phone_type` varchar(30) NOT NULL,
  `internet` varchar(30) NOT NULL,
  `wc` varchar(30) NOT NULL,
  `balcony` varchar(30) NOT NULL,
  `balcony_round` varchar(5) DEFAULT NULL,
  `door` varchar(30) NOT NULL,
  `parking` varchar(30) NOT NULL,
  `furniture` varchar(30) NOT NULL,
  `pol` varchar(50) NOT NULL,
  `height_ceiling` double NOT NULL,
  `virtual_tur` varchar(50) DEFAULT NULL,
  `security` varchar(100) NOT NULL,
  `differents` varchar(500) NOT NULL,
  `region` varchar(100) NOT NULL,
  `residential_complex` varchar(50) NOT NULL,
  `main_street` varchar(30) NOT NULL,
  `home_number` int(11) NOT NULL,
  `second_street` varchar(30) NOT NULL,
  `longitude` double NOT NULL,
  `latitude` double NOT NULL,
  `advanced_info` text NOT NULL,
  `time_added` datetime NOT NULL,
  `hot_offers` varchar(3) NOT NULL,
  PRIMARY KEY (`id`)
) ENGINE=InnoDB  DEFAULT CHARSET=utf8 AUTO_INCREMENT=14 ;

--
-- Дамп данных таблицы `apartment_rent`
--

INSERT INTO `apartment_rent` (`id`, `rooms`, `price`, `how_rent`, `type_building`, `year_built`, `floor`, `out_floor`, `area`, `livingroom_area`, `kitchen`, `status`, `phone_type`, `internet`, `wc`, `balcony`, `balcony_round`, `door`, `parking`, `furniture`, `pol`, `height_ceiling`, `virtual_tur`, `security`, `differents`, `region`, `residential_complex`, `main_street`, `home_number`, `second_street`, `longitude`, `latitude`, `advanced_info`, `time_added`, `hot_offers`) VALUES
(2, 3, 76, 'посуточно', 'кирпичный', '2010', 5, 12, 100, 70, 15, 'хорошее', 'отдельный', 'ADSL', 'раздельный', 'лоджия', 'нет', 'металическая', 'рядом охраняемая стоянка', 'полностью меблирована', 'ламинат', 2, '1407049355edempalas', 'решетки на окнах,видеодомофон,консьерж', 'пластиковые окна,неугловая,комнаты изолированы,тихий двор,чистая,удобно под коммерцию,уютная, холодильник,кабельное ТВ', 'Есильский', 'Инфинити-2', 'Кабанбай батыра', 25, 'Сыганак', 71.42950057983398, 51.18407765969115, 'Посуточно 3 ком кв рн Байтерека, Акмечети, Керуена, Казмунайгаза, Корме, Каридиохирургии, Трансфизиологии, Нейрохирургии, Хан шатыра, Центра материнства и детства, Велотрека, Назарбаев Университета. Упакованна. Командировачным документы. Чистота. Уют. Высокоскоростной интернет. Непрокурено. Свежо. Чистое постельное белье и полотенца. Пунктуальность при заселении. Документы выдаем. Курить запрещено! Животные запрещены! Под посиделки, вечера, мероприятия, девичник, мальчишник, просмотры футбола, день рождения, встречи, проводы, для всяких сюрприз вечеров, сабан той, после свадебные и праздничные тусовки и т. Д. Не сдаем! Можете под такие вещи даже не спрашивать. Опыт имеется. Обманщиков определяем по одному слову. На не серьезные вещи не тратьте мое и свое время! Командировачные дамы и господа, склонные выпить и погулять во время прибывания в квартире, просьба не беспокойть! Будете выселены с полицией за нарушение тишины и общественного порядка без возврата денег, а также будет написана жалоба по месту работы, учебы и т.п. на основании протокола инспектора полиции (такие случай имели место быть). Мы очень бдительно сдаем жилье. Квартира только для порядочных людей! Внимание торга нет, даже не спрашивайте! Посуточно 14000. Понедельно 12000.', '2014-08-03 09:04:09', 'да'),
(3, 2, 71, 'посуточно', 'монолитный', '2012', 9, 14, 65, 45, 10, 'евроремонт', 'блокиратор', 'ADSL', 'раздельный', 'лоджия', 'да', 'металическая', 'рядом охраняемая стоянка', 'частично мебилировання', 'паркет', 2, '1407049745example', 'решетки на окнах,охрана,кодовый замок,видеонаблюдение,видеодомофон', 'пластиковые окна,улучшенная,кухня-студия,встроенная кухня,чистая,уютная, холодильник,стиральная машина-автомат,кабельное ТВ', 'Есильский', 'Лазурный квартал', 'Сарайшык', 43, '', 71.40787124633789, 51.11623926997107, 'Квартира в новом ЖК "Лазурный квартал" на левобережье столицы, класса "люкс", абсолютно новая ремонт в смешении стилей от современной классики до модерна, новая мебель и техника, предметы интерьера! Бесплатный беспроводной интернет!На мероприятия и лицам до 25 лет не сдается, командированным выдается полный пакет документов с фискальным чеком.', '2014-08-03 09:10:05', 'да'),
(4, 1, 11, 'по часам', 'кирпичный', '2013', 2, 12, 54, 35, 10, 'евроремонт', 'блокиратор', 'ADSL', 'раздельный', 'балкон и лоджия', 'нет', 'бронированная', 'рядом охраняемая стоянка', 'частично мебилировання', 'паркет', 3, '1407050073example', 'решетки на окнах,видеонаблюдение,видеодомофон,консьерж', 'пластиковые окна,неугловая,улучшенная,комнаты изолированы,кухня-студия,встроенная кухня,чистая,удобно под коммерцию,уютная, холодильник', 'Есильский', 'АСИ 33/23', 'Кабанбай батыра', 14, 'Сарайшык', 71.40237808227539, 51.13520098543632, 'Сдается по часам, на ночь, на пол дня, посуточно, квартира в новом доме (ЖК АСИ) 2014 года постройки с евро ремонтом в престижном районе левобережья. Мы всегда рады всем приехавшим погостить, командировочным и туристам. Предлагаемая квартира просторная, светлая, чистая, уютная. Рядом расположены Президентская школа (НИШ), Генеральная Прокуратура, КНБ, отель «Пекин Палас», Министерство обороны, МИД, Дом Министерств, «Байтерек» "Хан Шатыр", Центр "Материнства и детства", Кардиохирургический центр. При проживании длительного срока делаем влажную уборку с заменой постельных принадлежностей. Предоставление квитанций, документов для отчетности. Чистота и домашний уют гарантированы. Курить запрещено!', '2014-08-03 09:16:05', 'да'),
(5, 1, 5, 'по часам', 'undefined', '2009', 3, 6, 47, 30, 12, 'среднее', 'блокиратор', 'ADSL', 'совмещенный', 'балкон и лоджия', 'нет', 'металическая', 'рядом охраняемая стоянка', 'частично мебилировання', 'ламинат', 2, '1407050283edempalas', 'решетки на окнах,домофон,кодовый замок,видеонаблюдение,видеодомофон', 'пластиковые окна,неугловая,улучшенная,комнаты изолированы,кухня-студия,чистая,удобно под коммерцию,уютная', 'Есильский', 'Москва', 'Валиханова ', 25, 'Иманова', 71.39791488647461, 51.145540458556084, 'Сдаю по часам однокомнатную квартиру в ЖК Москва. Чистая, уютная.', '2014-08-03 09:19:18', 'да'),
(6, 4, 3000, 'помесячно', 'кирпичный', '2011', 3, 5, 178, 150, 12, 'евроремонт', 'отдельный', 'ADSL', 'совмещенный', 'балкон и лоджия', 'нет', 'металическая', 'паркинг', 'полностью меблирована', 'ламинат', 3, '1407052109Tourweaver_Highvill Astana', 'решетки на окнах,видеодомофон,консьерж', ',неугловая,комнаты изолированы,стиральная машина-автомат', 'Есильский', 'Триумфальный', 'Тлендиева', 11, 'Женис', 71.40237808227539, 51.15114003963865, 'дом элит-класса расположен на левобережье в районе с развитой инфраструктурой, рядом торговые центры "Сары-Арка", "Азия-парк", "Хан шатыр". Имеется собственное парковочное место в подземном паркинге', '2014-08-03 09:49:40', 'да'),
(7, 5, 5500, 'помесячно', 'кирпичный', '2014', 6, 18, 200, 160, 15, 'евроремонт', 'есть возможность подключения', 'Через TV кабель', 'совмещенный', 'балкон и лоджия', 'нет', 'металическая', 'рядом охраняемая стоянка', 'полностью меблирована', 'ламинат', 3.5, '1407052856Tourweaver_Highvill Astana', 'решетки на окнах,видеодомофон', 'пластиковые окна,улучшенная,чистая,удобно под коммерцию,уютная', 'Алматинский', 'Хайвил Астана', 'Тауелсиздик', 15, 'Ауезова', 71.47756576538086, 51.1347701238018, '', '2014-08-03 10:02:22', 'да'),
(8, 5, 5000, 'помесячно', 'кирпичный', '2013', 9, 20, 240, 200, 15, 'евроремонт', 'блокиратор', 'ADSL', 'совмещенный', 'балкон', 'нет', 'бронированная', 'паркинг', 'частично мебилировання', 'паркет', 3, '1407053075Tourweaver_Highvill Astana', 'решетки на окнах,охрана,сигнализация,видеонаблюдение,видеодомофон', ',неугловая,комнаты изолированы,стиральная машина-автомат', 'Алматинский', 'Хайвил Астана', 'Мирзояна', 16, 'Момышулы', 71.47928237915039, 51.1423096219614, '', '2014-08-03 10:05:25', 'да'),
(9, 2, 250000, 'помесячно', 'монолитный', '2010', 12, 24, 75, 50, 12, 'евроремонт', 'блокиратор', 'ADSL', 'раздельный', 'балкон и лоджия', 'да', 'металическая', 'рядом охраняемая стоянка', 'частично мебилировання', 'ламинат', 2, '1407053375example', 'решетки на окнах,домофон,сигнализация,видеодомофон', 'пластиковые окна,неугловая,улучшенная,комнаты изолированы,чистая,удобно под коммерцию,уютная, холодильник', 'Есильский', 'Лазурный квартал', 'Сарайшык', 5, '', 71.41199111938477, 51.153293543769834, 'Свежий ремонт, ранее не сдавалась. Срочно сдаются 2-х комнатную квартиру жилом комплексе "Лазурный квартал". Состояние квартиру отлично с евро ремонтом, с мебелью, ранее не сдавала, вся мебель и бытовую техника отличном состояние. Из окон своих квартир жители комплекса могут наслаждаться великолепными видами «Байтерека», Резиденции Президента и всего Водно-Зеленого бульвара.', '2014-08-03 10:10:24', 'да'),
(10, 2, 44, 'посуточно', 'панельный', '2013', 2, 10, 60, 40, 12, 'среднее', 'блокиратор', 'Через TV кабель', 'совмещенный', 'балкон и лоджия', 'нет', 'металическая', 'рядом охраняемая стоянка', 'полностью меблирована', 'паркет', 3, '1407053623example', 'решетки на окнах,видеодомофон,консьерж', 'пластиковые окна,улучшенная,кухня-студия,встроенная кухня,чистая,уютная, холодильник', 'Алматинский', 'Абай-2', 'Сауран', 26, '', 71.37834548950195, 51.1662124581613, 'Солнечная двухкомнатная квартира в удобном районе, Левый берег, ЖК Сармат. Во дворе большая стоянка для машин, магазины, сбоку пиццерия. Для семейной поездки или пары! На вечеринки не сдается!', '2014-08-03 10:14:19', 'да'),
(11, 5, 100000, 'посуточно', 'кирпичный', '2011', 3, 10, 200, 175, 15, 'хорошее', 'отдельный', 'ADSL', 'раздельный', 'балкон', 'нет', 'деревьянная', 'гараж', 'полностью меблирована', 'ковролан', 3.15, '1407439021edempalas', ',домофон,сигнализация,видеонаблюдение', '', 'Есильский', 'Arman De Lux', 'Жамбыл', 156, 'Яссави', 71.48443222045898, 51.145540458556084, '', '2014-08-07 21:17:30', ''),
(12, 4, 156000, 'посуточно', 'кирпичный', '2009', 1, 12, 200, 175, 15, 'хорошее', 'блокиратор', 'Через TV кабель', 'раздельный', 'балкон', 'да', 'деревьянная', 'паркинг', 'полностью меблирована', 'линолеум', 3.15, '', '', '', 'Есильский', 'Arman De Lux', 'Абая', 25, 'Кудайбердыулы', 0, 0, '', '2014-08-07 21:21:52', ''),
(13, 3, 75, 'посуточно', 'кирпичный', '2008', 6, 12, 150, 120, 15, 'среднее', 'отдельный', 'ADSL', 'раздельный', 'балкон', 'да', 'деревьянная', 'паркинг', 'полностью меблирована', 'линолеум', 3.15, '1407516218Tourweaver_Highvill Astana', 'решетки на окнах,видеодомофон', ',неугловая,комнаты изолированы,кладовка,кондиционер,стиральная машина-автомат,удобно под офис,вся бытовая техника', 'Есильский', '', 'Валиханова ', 54, 'Кудайбердыулы', 71.46005630493164, 51.16513602013777, '', '2014-08-08 18:43:58', '');

-- --------------------------------------------------------

--
-- Структура таблицы `cottage`
--

CREATE TABLE IF NOT EXISTS `cottage` (
  `id` int(11) NOT NULL AUTO_INCREMENT,
  `rooms` int(11) NOT NULL,
  `price` int(11) NOT NULL,
  `type_building` varchar(50) NOT NULL,
  `year_built` varchar(10) NOT NULL,
  `cottage_town` varchar(50) NOT NULL,
  `level` int(11) NOT NULL,
  `area` int(11) NOT NULL,
  `livingroom_area` int(11) NOT NULL,
  `kitchen` int(11) NOT NULL,
  `area_of_land` int(11) NOT NULL,
  `round` varchar(50) NOT NULL,
  `status` varchar(20) NOT NULL,
  `phone_type` varchar(20) NOT NULL,
  `internet` varchar(20) NOT NULL,
  `wc` varchar(20) NOT NULL,
  `canal` varchar(20) NOT NULL,
  `water` varchar(30) NOT NULL,
  `electric` varchar(20) NOT NULL,
  `heating` varchar(25) NOT NULL,
  `gas` varchar(30) NOT NULL,
  `roof` varchar(50) NOT NULL,
  `height_ceiling` double NOT NULL,
  `security` varchar(100) NOT NULL,
  `differents` varchar(100) NOT NULL,
  `virtual_tur` varchar(50) DEFAULT NULL,
  `latitude` double NOT NULL,
  `longitude` double NOT NULL,
  `region` varchar(30) NOT NULL,
  `main_street` varchar(20) NOT NULL,
  `second_street` varchar(20) NOT NULL,
  `home_number` int(11) NOT NULL,
  `advanced_info` text NOT NULL,
  `time_added` datetime NOT NULL,
  `hot_offers` varchar(3) NOT NULL,
  PRIMARY KEY (`id`)
) ENGINE=InnoDB  DEFAULT CHARSET=utf8 AUTO_INCREMENT=17 ;

--
-- Дамп данных таблицы `cottage`
--

INSERT INTO `cottage` (`id`, `rooms`, `price`, `type_building`, `year_built`, `cottage_town`, `level`, `area`, `livingroom_area`, `kitchen`, `area_of_land`, `round`, `status`, `phone_type`, `internet`, `wc`, `canal`, `water`, `electric`, `heating`, `gas`, `roof`, `height_ceiling`, `security`, `differents`, `virtual_tur`, `latitude`, `longitude`, `region`, `main_street`, `second_street`, `home_number`, `advanced_info`, `time_added`, `hot_offers`) VALUES
(2, 7, 1100000, 'кирпичный', '2008', 'Apple Town', 2, 200, 175, 12, 15, 'Шлокаблок высотой 4 м', 'евроремонт', 'блокиратор', 'undefined', '2 с/у и более', 'центральная', 'центральное водоснабжение', 'есть', 'на газе', 'автономный', 'Черепица', 3, 'решетки на окнах,охрана,сигнализация,видеонаблюдение,видеодомофон', ',навес,сад', NULL, 51.13886314700494, 71.39782905578613, 'Есильский', 'Валиханова ', 'Кудайбердыулы', 54, 'продается коттедж в bi village развитая инфраструктура!круглосуточная охрана, в 5 минутах от Дома Министерств, есть детские сады!земля в собственности', '2014-08-02 19:08:13', 'да'),
(4, 5, 1200, 'кирпичный', '2009', 'NURKZ', 3, 300, 260, 20, 15, 'Шлокаблок высотой 4 м', 'евроремонт', 'блокиратор', 'проводной', 'совмещенный', 'есть возможность под', 'есть возможность подключения', 'есть возможность под', 'на твердом топливе', 'есть возможность подключения', 'Черепица', 3, 'решетки на окнах,охрана,домофон,сигнализация', ',сад,веранда,хозпостройки', '1406841898edempalas', 0, 0, 'Сарыаркинский', 'Жамбыл', 'Кудайбердыулы', 54, 'Something something', '2014-07-31 23:25:34', 'да'),
(5, 1, 81000, 'кирпичный', '2005', 'Алтын ауыл', 1, 100, 85, 10, 6, 'Шлокаблок высотой 4 м', 'среднее', 'блокиратор', 'проводной', 'совмещенный', 'центральная', 'центральное водоснабжение', 'есть', 'смешанное', 'автономный', 'Черепица', 2.8, 'решетки на окнах,видеонаблюдение,консьерж', 'пластиковые окна,баня,веранда', '1406981069edempalas', 51.14144802734404, 71.43533706665039, 'Алматинский', 'Розабакиева', 'Ленина', 25, 'Продается дом! торг уместен, возможен обмен на 1-2 квартиру в городе Астана. Есть территория для строительства второго дома и строительный материал под баню и гараж.\r\nсад, веранда', '2014-08-02 14:08:42', 'да'),
(6, 2, 98000, 'кирпичный', '1990', 'Зеленые Холмы', 2, 60, 30, 7, 8, 'Забор', 'среднее', 'блокиратор', 'Через TV кабель', 'совмещенный', 'септик', 'центральное водоснабжение', 'есть', 'на газе', 'автономный', 'Черепица', 2.8, ',сигнализация', ',баня,сигнализация,сад', '1406981844edempalas', 51.138432319543924, 71.5323257446289, 'Алматинский', 'Алтынсарина', 'Абая', 45, 'В близи Алмаарасанского заповедника, вверх по улице Навои, расположился уникальный комплекс Artville Алмарасан. Комплекс включает в себя 6 уникальных арт-хаусов, спроектированный Роландосом Ключинскасом, известным мировым архитектором. Название Artville комплекс получил не случайно, т.к. художественное оформление арт-хаусов принадлежит выдающемуся казахстанскому художнику Эдуарду Казаряну. Дома расписанные талантливым мастером идеально вписываются в пейзаж окружающий комплекс.', '2014-08-02 14:19:50', 'да'),
(7, 4, 90000, 'кирпичный', '2002', 'Apple Town', 1, 100, 60, 10, 14, 'железные ворота,забор', 'хорошее', 'блокиратор', 'проводной', 'совмещенный', 'септик', 'центральное водоснабжение', 'есть', 'на газе', 'автономный', 'Черепица', 2, 'решетки на окнах,домофон,сигнализация', 'пластиковые окна,баня,сигнализация,сад,веранда', '1406982388edempalas', 51.12076493195686, 71.57386779785156, 'Алматинский', 'Жарокова', 'Навои', 103, 'Продам обновленный 3х комнатный дом, 100кв м, 14 соток земли, отличный ремонт, автономное отопление и электр. котел, отдельно котельная, видеодомофон, телефон, спутниковое телевидение, интернет, гараж, загон для скота, железные ворота. Хороший район. пос. Жибек жолы.\r\nпластиковые окна, гараж, хозпостройки', '2014-08-02 14:29:10', 'да'),
(8, 1, 91000, 'кирпичный', '2003', 'Алтын ауыл', 1, 80, 20, 5, 4, 'Шлокаблок высотой 4 м', 'хорошее', 'блокиратор', 'Через TV кабель', 'совмещенный', 'центральная', 'undefined', 'есть', 'на газе', 'магистральный', 'Черепица', 2.5, 'решетки на окнах', ',баня,сигнализация', '1406982826edempalas', 51.09619172351067, 71.39362335205078, 'Есильский', 'Темерязова', 'Розабакиева', 104, 'срочно, в связи с переездом в другой город, возможен торг, 2 времянки (узаконенные)\r\nпластиковые окна, хозпостройки', '2014-08-02 14:35:37', 'да'),
(9, 1, 99000, 'undefined', '2007', 'Зеленые Холмы', 1, 100, 45, 15, 10, 'шлакоблок', 'хорошее', 'отдельный', 'Через TV кабель', 'совмещенный', 'центральная', 'центральное водоснабжение', 'есть', 'на газе', 'магистральный', 'Профнастил', 2.75, 'решетки на окнах,домофон', 'пластиковые окна,сигнализация,сад,веранда', '1406983263edempalas', 51.15910750294231, 71.41817092895508, 'Сарыаркинский', 'Ильяева', 'Пушкина', 123, 'продам 2 дома в городе, на одном участке в районе ТЦ Артем, Алем, с доходом, мебелью, жил. площадь 126 квадратов, 3, 7 соток, есть контейнер, удобное месторасположение, в районе имеются множество торговых центров, школы, поликлиники, остановки на все направления и многое другое, торг уместен', '2014-08-02 14:42:05', 'да'),
(10, 5, 200000, 'кирпичный', '2010', 'Kazakhstan', 2, 120, 100, 15, 15, 'неогорожен', 'евроремонт', 'отдельный', 'ADSL', '2 с/у и более', 'есть возможность под', 'центральное водоснабжение', 'есть', 'на газе', 'автономный', 'Черепица', 3.15, 'решетки на окнах,домофон,видеодомофон,консьерж', 'пластиковые окна,баня,веранда,хозпостройки', '1406983543edempalas', 51.16470543789416, 71.4686393737793, 'Алматинский', 'Тауке-хана', 'Конаева', 35, 'продам 2 дома в городе, на одном участке в районе ТЦ Артем, Алем, с доходом, мебелью, жил. площадь 126 квадратов, 3, 7 соток, есть контейнер, удобное месторасположение, в районе имеются множество торговых центров, школы, поликлиники, остановки на все направления и многое другое, торг уместен', '2014-08-02 14:47:05', 'да'),
(11, 5, 240000, 'кирпичный', '2011', 'Almaty Town', 2, 120, 90, 15, 15, 'Шлокаблок высотой 4 м', 'хорошее', 'блокиратор', 'ADSL', '2 с/у и более', 'центральная', 'центральное водоснабжение', 'есть', 'центральное', 'магистральный', 'Черепица', 3.5, 'решетки на окнах,видеодомофон,консьерж', ',навес,сигнализация,веранда,хозпостройки', '1406992079edempalas', 51.15695427015134, 71.3917350769043, 'Сарыаркинский', 'Навои ', 'Ленина', 42, 'Срочно! Экологичный Деревянный коттедж 2-уровня из оцилиндрованного бревна 2013 года постройки. Полностью из дерева, весь материал качественный доставлен из России. Дом обработан полностью противопожарными био защитными средствами, а после облито Акватекс цвет сосны. Дом введен в эксплуатацию 100 % имеется технический паспорт гос акт. уг участок 10 соток. Коргалжинское шоссе; 10 км от г Астаны. шести полосная движения не доезжая поста гаи. пригород п. Караоткель новая ильинка, автобусы 35, 36 маршруты. Обмена нет. Продаю связи с возникшей необходимостью! дополнительная информация по телефону. Только очень прошу звонить реальным покупателям.', '2014-08-02 17:10:15', 'да'),
(12, 6, 100000, 'панельный', '2006', 'Apple Town', 1, 100, 60, 10, 10, 'не огорожен', 'хорошее', 'блокиратор', 'undefined', 'совмещенный', 'септик', 'центральное водоснабжение', 'есть', 'на газе', 'магистральный', 'Черепица', 2, 'решетки на окнах,домофон,сигнализация', 'пластиковые окна,баня,веранда', NULL, 51.17719069107044, 71.45748138427734, 'Есильский', 'Фурмонова', 'Байтурсынова', 145, 'Дом расположен в поселке Коянды в 12 км от Астаны, Новый Коянды мкр 2 участок 3, въезд со стороны кояндинского акимата. Дом новый и имеется все необходимые документы, сделан ремонт внутри, 3 спальные комнаты на первом этаже - 22м2, 22м2 и 12м2, зал 35м2, холл 27м2, мансарда 50м2, кухня 25м2, веранда 8м2, 2 сан. узла, имеется хозяйственная комната 15м2, гараж 15м2, 2 выхода, тип дома ленинградский с выходом в гараж через дом, также имеется в наличии 2 погреба, колодец в доме.\r\nпластиковые окна, гараж, веранда', '2014-08-03 14:29:21', 'да'),
(13, 12, 1600000, 'кирпичный', '2011', 'Есильский', 3, 805, 400, 40, 20, 'Шлокаблок высотой 4 м', 'евроремонт', 'блокиратор', 'Через TV кабель', '2 с/у и более', 'центральная', 'центральное водоснабжение', 'есть', 'на газе', 'автономный', '', 4, 'решетки на окнах,охрана,домофон,кодовый замок,сигнализация,видеонаблюдение', 'пластиковые окна,навес,баня,сауна,бассейн,сигнализация,сад,веранда', '1407067766example', 51.17331631906722, 71.44838333129883, 'Есильский', 'Курмангазы', 'Абая', 154, 'Дом находится в поселке комсомольский по ул. Айша-биби. Построен в 2007 году. Отлично подходит под резиденцию, гостевой дом и т.д. Имеется сауна, бассейн, бильярдное, тренажерный зал, летняя кухня, большой (отдельный вход, потолок 5м) и малый зал, гараж на 2 машины, 9 санузлов. Очень качественно построен.\r\nпластиковые окна, сауна, бассейн, гараж, сад, хозпостройки, 3 фазы', '2014-08-03 14:12:41', 'да'),
(14, 11, 1500000, 'кирпичный', '2012', 'Алтын ауыл', 2, 550, 200, 40, 15, 'Шлокаблок высотой 3 м', 'евроремонт', 'отдельный', 'Через TV кабель', '2 с/у и более', 'центральная', 'центральное водоснабжение', 'есть', 'на газе', 'автономный', 'Черепица', 3, 'решетки на окнах,охрана,домофон,кодовый замок,видеонаблюдение', 'пластиковые окна,баня,бассейн', '1407068076Tourweaver_Highvill Astana', 51.10093493903457, 71.40220642089844, 'Есильский', 'Гоголя', 'Темерязова', 125, 'Продается дом в Элитном районе города Астаны, авторский классический дизаин, импортная мебель, гараж на 3 машины, бассейн, баня, бильярдная.\r\nнавес, баня, сауна, бассейн, гараж, сад, хозпостройки, 3 фазы', '2014-08-03 14:16:31', 'да'),
(15, 4, 100000, 'кирпичный', '2013', 'Алтын ауыл', 2, 60, 20, 6, 8, 'Шлокаблок высотой 4 м', 'среднее', 'отдельный', 'проводной', 'нет', 'есть возможность под', 'центральное водоснабжение', 'есть', 'центральное', 'автономный', 'Черепица', 2, 'решетки на окнах', 'пластиковые окна', '1407068395example', 52.908902047770276, 77.135009765625, 'Есильский', 'Пушкина', '', 148, 'Район Силикатного, садовое общество Ударник, кругом дома и магазины, район строится новыми жилыми комплексами, входит в программу строения Экспо 2017, на участке 3 времянки, марай и угольная, все документы на дом емеется.', '2014-08-03 14:21:19', 'да'),
(16, 11, 700000, 'кирпичный', '2011', 'Apple Town', 3, 400, 300, 20, 15, 'Шлокаблок высотой 4 м', 'хорошее', 'отдельный', 'ADSL', 'раздельный', 'центральная', 'центральное водоснабжение', 'есть', 'центральное', 'магистральный', 'Черепица', 3.15, '', '', '', 51.16556659836182, 71.45074367523193, 'Есильский', 'Абая', 'Кудайбердыулы', 10, '', '2014-08-07 21:28:01', 'нет');

-- --------------------------------------------------------

--
-- Структура таблицы `cottage_rent`
--

CREATE TABLE IF NOT EXISTS `cottage_rent` (
  `id` int(11) NOT NULL AUTO_INCREMENT,
  `rooms` int(11) NOT NULL,
  `price` int(11) NOT NULL,
  `how_rent` varchar(20) NOT NULL,
  `type_building` varchar(50) NOT NULL,
  `year_built` varchar(10) NOT NULL,
  `cottage_town` varchar(50) NOT NULL,
  `level` int(11) NOT NULL,
  `area` int(11) NOT NULL,
  `livingroom_area` int(11) NOT NULL,
  `kitchen` int(11) NOT NULL,
  `area_of_land` int(11) NOT NULL,
  `round` varchar(50) NOT NULL,
  `status` varchar(20) NOT NULL,
  `phone_type` varchar(20) NOT NULL,
  `internet` varchar(20) NOT NULL,
  `wc` varchar(20) NOT NULL,
  `canal` varchar(20) NOT NULL,
  `water` varchar(30) NOT NULL,
  `electric` varchar(20) NOT NULL,
  `heating` varchar(25) NOT NULL,
  `gas` varchar(30) NOT NULL,
  `roof` varchar(50) NOT NULL,
  `height_ceiling` double NOT NULL,
  `security` varchar(100) NOT NULL,
  `differents` varchar(100) NOT NULL,
  `virtual_tur` varchar(50) DEFAULT NULL,
  `latitude` double NOT NULL,
  `longitude` double NOT NULL,
  `region` varchar(30) NOT NULL,
  `main_street` varchar(20) NOT NULL,
  `second_street` varchar(20) NOT NULL,
  `home_number` int(11) NOT NULL,
  `advanced_info` text NOT NULL,
  `time_added` datetime NOT NULL,
  `hot_offers` varchar(2) NOT NULL,
  PRIMARY KEY (`id`)
) ENGINE=InnoDB  DEFAULT CHARSET=utf8 AUTO_INCREMENT=13 ;

--
-- Дамп данных таблицы `cottage_rent`
--

INSERT INTO `cottage_rent` (`id`, `rooms`, `price`, `how_rent`, `type_building`, `year_built`, `cottage_town`, `level`, `area`, `livingroom_area`, `kitchen`, `area_of_land`, `round`, `status`, `phone_type`, `internet`, `wc`, `canal`, `water`, `electric`, `heating`, `gas`, `roof`, `height_ceiling`, `security`, `differents`, `virtual_tur`, `latitude`, `longitude`, `region`, `main_street`, `second_street`, `home_number`, `advanced_info`, `time_added`, `hot_offers`) VALUES
(1, 7, 1200, 'поквартально', 'кирпичный', '2007', 'Italy', 3, 250, 210, 15, 15, 'Шлокаблок высотой 4 м', 'евроремонт', 'отдельный', 'undefined', '2 с/у и более', 'центральная', 'центральное водоснабжение', 'есть', 'центральное', 'автономный', 'Черепица', 3.5, 'решетки на окнах,охрана,домофон,кодовый замок,сигнализация,видеонаблюдение,видеодомофон,консьерж', 'пластиковые окна,навес,баня,сауна,бассейн,сад,веранда,хозпостройки,3 фазы', '', 51.16147594294264, 71.42126083374023, 'Сарыаркинский', 'Жамбыл', 'Ауезова', 26, 'нечего добавить', '2014-08-02 10:38:53', 'да'),
(2, 5, 300, 'помесячно', 'монолитный', '2006', 'Dudaray', 2, 100, 80, 15, 15, '', 'евроремонт', 'отдельный', 'undefined', 'undefined', 'центральная', 'центральное водоснабжение', 'есть', 'центральное', 'магистральный', 'Черепица', 3, ',домофон,консьерж', ',сауна,веранда,3 фазы', '1407092037Tourweaver_Highvill Astana', 51.149847888920306, 71.40718460083008, 'Есильский', 'Алаш', '', 25, '', '2014-08-03 21:22:01', 'да'),
(3, 5, 490, 'посуточно', 'кирпичный', '2005', 'Apple Town', 2, 380, 300, 15, 15, 'Шлокаблок высотой 4 м', 'евроремонт', 'отдельный', 'ADSL', '2 с/у и более', 'центральная', 'центральное водоснабжение', 'есть', 'центральное', 'автономный', 'Черепица', 3, ',охрана,домофон,сигнализация,консьерж', '', '1407127202Tourweaver_Highvill Astana', 51.14855570202184, 71.4070987701416, 'Есильский', 'Коргалжын', 'Туран', 18, 'джакузи, 2 банкетных зала (вместимостью до 10 и до 40 чел. ) и все это в комфортабельном отдельностоящем коттедже. Отличное место для проведения корпоративов, дней рождения, свадеб и пр. мероприятий. Укомплектованная кухня (посуда, холодильник, духовой шкаф, плита и пр. ). Во дворе: беседка, мангал, бассейн 3х5 (в летнее время). Закрытая парковка на 15 машиномест. Уютная домашняя обстановка. Почасовая и посуточная аренда. Подарочные сертификаты. Полная конфиденциальность. Постоянным клиентам скидка 10%. Цена за час: 7 000 тг Цена за сутки: 90 000 тг', '2014-08-04 06:40:59', 'да'),
(4, 12, 11000, 'посуточно', 'кирпичный', '2004', 'Net', 3, 690, 600, 15, 25, 'Решетками', 'евроремонт', 'отдельный', 'ADSL', '2 с/у и более', 'есть возможность под', 'центральное водоснабжение', 'есть возможность под', 'центральное', 'магистральный', 'Черепица', 3, 'решетки на окнах,кодовый замок,сигнализация,видеодомофон', ',навес,сауна,сад,3 фазы', '1407127483example', 51.14144802734404, 71.40795707702637, 'Сарыаркинский', 'Абая', 'Яссави', 41, 'за арабским банком "Al Hilal Bank". Район ресторана "Арай", при въезде в район Чубары. АН 20%', '2014-08-04 06:45:16', 'да'),
(5, 5, 4000, 'посуточно', 'кирпичный', '2013', 'Франция', 2, 420, 380, 15, 8, 'шлакоблок', 'хорошее', 'есть возможность под', 'ADSL', 'раздельный', 'центральная', 'центральное водоснабжение', 'есть', 'центральное', 'магистральный', 'Черепица', 3, 'решетки на окнах,сигнализация,видеодомофон', ',баня,сигнализация,сад', '1407127807Tourweaver_Highvill Astana', 51.14381737384698, 71.40066146850586, 'Сарыаркинский', 'Навои ', 'Леветана', 15, 'Район посольства США. Услуги агенства 20%', '2014-08-04 06:50:44', 'да'),
(6, 8, 8000, 'помесячно', 'кирпичный', '2010', 'Parizh', 2, 560, 500, 15, 15, 'Решетками', 'хорошее', 'отдельный', 'ADSL', 'раздельный', 'центральная', 'центральное водоснабжение', 'есть', 'центральное', 'магистральный', 'Черепица', 3, 'решетки на окнах,видеодомофон,консьерж', 'пластиковые окна,баня,3 фазы', '1407128607example', 51.13950938065829, 71.40478134155273, 'Сарыаркинский', 'Жамбыл', 'Байтурсынова', 26, '', '2014-08-04 07:04:16', 'да'),
(7, 9, 11000, 'помесячно', 'кирпичный', '2010', 'London', 3, 900, 800, 20, 15, 'Шлокаблок высотой 4 м', 'евроремонт', 'отдельный', 'ADSL', '2 с/у и более', 'центральная', 'центральное водоснабжение', 'есть', 'центральное', 'магистральный', 'Черепица', 3.15, ',охрана,кодовый замок,сигнализация,видеодомофон', 'пластиковые окна,сауна,сигнализация,хозпостройки', '1407128965example', 51.142525018103086, 71.39482498168945, 'Сарыаркинский', 'Абая', 'Леветана', 26, 'Находится в элитном районе левого берега нашей столицы, пос. Комсомольский. Дом очень теплый, светлый, уютный со всеми удобствами. Гараж на 3 машины, сад. Срочно. Риелтор.', '2014-08-04 07:09:57', 'да'),
(8, 7, 272, 'посуточно', 'кирпичный', '2008', 'Italy', 6, 300, 220, 15, 10, 'шлакоблок', 'евроремонт', 'отдельный', 'ADSL', 'раздельный', 'центральная', 'центральное водоснабжение', 'есть', 'центральное', 'магистральный', 'Черепица', 3, 'решетки на окнах,видеонаблюдение,видеодомофон,консьерж', ',навес,бассейн,сигнализация,хозпостройки', '1407129244example', 51.16599717256636, 71.40787124633789, 'Сарыаркинский', 'Есиль', 'Кудайбердыулы', 54, 'Аренда гостевого коттеджа с евро ремонтом, под проведение любого вида торжеств дни рождения, размещения гостей, очень удобно под гостевой дом, проведение праздников, кудалыков и приема гостей, гостевая комната, большой и уютный зал, + четыре большие спальные комнаты с двуспальной кроватью + одна романтическая комната, в каждой комнате свой сан узел, + отличная сауна с бассейном, дорогая отделка дверей, полов, натуральное дерево, коммуникации центральные, теплая, уютная, просторная, гардероб, мебель, санузел, полностью благоустроен, техника, место бильярдного стола стоит банкетный стол от 20 до 30 посадочных мест. +столовая посуда, приборы до 30 персон. Также имеется кухня, мангал для шашлыков + шампуры на 30 человек.', '2014-08-04 07:14:44', 'да'),
(9, 5, 272, 'посуточно', 'кирпичный', '2010', 'Dudaray', 3, 256, 200, 15, 15, 'Шлокаблок высотой 4 м', 'евроремонт', 'отдельный', 'ADSL', 'раздельный', 'центральная', 'центральное водоснабжение', 'есть', 'центральное', 'магистральный', 'Черепица', 3, 'решетки на окнах,домофон,кодовый замок,сигнализация,видеодомофон', 'пластиковые окна,навес,баня,сигнализация,сад,веранда', '1407129429Tourweaver_Highvill Astana', 51.16470543789416, 71.49026870727539, 'Алматинский', 'Алтынсарина', 'Кудайбердыулы', 10, 'Сдам коттедж. Проведение кудалык, кыз узату и другие мероприятия. Чистота, евроремонт. Полностью меблирован. Сауна. Будние дни - 50 000 тг, в праздничные 75 000 тг.', '2014-08-04 07:17:46', 'да'),
(10, 9, 500, 'посуточно', 'кирпичный', '2010', '', 7, 500, 350, 20, 10, 'шлакоблок', 'хорошее', 'отдельный', 'ADSL', 'раздельный', 'центральная', 'центральное водоснабжение', 'есть', 'центральное', 'магистральный', 'Черепица', 3.15, 'решетки на окнах,домофон', ',бассейн', '', 0, 0, 'Есильский', 'Шаляпина', 'Правда', 54, '', '2014-08-07 21:35:38', ''),
(11, 7, 300, 'посуточно', 'кирпичный', '2002', '', 11, 400, 350, 15, 12, 'Шлокаблок высотой 4 м', 'среднее', 'отдельный', 'Через TV кабель', 'раздельный', 'центральная', 'центральное водоснабжение', 'есть', 'центральное', 'магистральный', 'Черепица', 3.15, 'решетки на окнах,кодовый замок,сигнализация,видеодомофон', 'пластиковые окна,сауна,веранда,3 фазы', '1407516869example', 51.17288581319275, 71.40752792358398, 'Есильский', 'Жамбыл', 'Леветана', 10, '', '2014-08-08 18:54:43', ''),
(12, 1, 2000, 'по часам', 'кирпичный', '1980', '', 1, 70, 60, 10, 15, '', 'хорошее', 'undefined', 'Через TV кабель', 'раздельный', 'центральная', 'центральное водоснабжение', 'undefined', 'центральное', 'undefined', '', 0, '', '', '1407844431edempalas', 0, 0, 'Есильский', 'Жамбыл', '', 10, '', '2014-08-12 13:57:01', '');

-- --------------------------------------------------------

--
-- Структура таблицы `image_apartment`
--

CREATE TABLE IF NOT EXISTS `image_apartment` (
  `id` int(11) NOT NULL AUTO_INCREMENT,
  `apartment_id` int(11) NOT NULL,
  `path` varchar(300) NOT NULL,
  PRIMARY KEY (`id`),
  KEY `apartment_id` (`apartment_id`)
) ENGINE=InnoDB  DEFAULT CHARSET=utf8 AUTO_INCREMENT=232 ;

--
-- Дамп данных таблицы `image_apartment`
--

INSERT INTO `image_apartment` (`id`, `apartment_id`, `path`) VALUES
(170, 7, '14067487001-full.jpg'),
(171, 7, '14067486963-full.jpg'),
(172, 7, '14067483729-full.jpg'),
(173, 7, '14067483687-full.jpg'),
(174, 7, '14058901921-full.jpg'),
(175, 7, '14058901922-full.jpg'),
(176, 8, '14070471961-full.jpg'),
(177, 8, '14070471962-full%20(2).jpg'),
(178, 8, '14070471964-full.jpg'),
(179, 8, '14070471965-full.jpg'),
(180, 8, '14070471966-full.jpg'),
(181, 8, '14070471967-full.jpg'),
(182, 9, '140704753810-full.jpg'),
(183, 9, '140704753811-full.jpg'),
(184, 9, '140704753816-full.jpg'),
(185, 9, '140704753818-full.jpg'),
(186, 9, '140704753819-full.jpg'),
(187, 9, '140704753823-full.jpg'),
(188, 9, '140704753839-full.jpg'),
(189, 9, '140704753842-full.jpg'),
(190, 9, '140704753843-full.jpg'),
(191, 9, '140704753847-full.jpg'),
(192, 9, '140704753851-full.jpg'),
(193, 9, '140704753852-full.jpg'),
(194, 9, '140704753853-full.jpg'),
(195, 9, '140704753854-full.jpg'),
(196, 9, '140704753855-full.jpg'),
(197, 9, '140704753856-full.jpg'),
(198, 10, '14070478271-full.jpg'),
(199, 10, '14070478272-full.jpg'),
(200, 10, '14070478273-full.jpg'),
(201, 10, '14070478274-full.jpg'),
(202, 10, '14070478275-full.jpg'),
(203, 10, '14070478276-full.jpg'),
(204, 11, '14070480462-full.jpg'),
(205, 11, '14070480463-full.jpg'),
(206, 11, '14070480465-full.jpg'),
(207, 11, '14070480466-full%20(1).jpg'),
(208, 12, '14070484224-full.jpg'),
(209, 12, '14070484225-full.jpg'),
(210, 12, '14070484226-full.jpg'),
(211, 12, '14070484227-full.jpg'),
(212, 12, '14070484228-full.jpg'),
(213, 12, '14070484229-full.jpg'),
(214, 12, '140704842210-full.jpg'),
(215, 12, '140704842211-full.jpg'),
(216, 12, '140704842213-full.jpg'),
(217, 13, '14070486681-full.jpg'),
(218, 13, '14070486682-full.jpg'),
(219, 13, '14070486683-full.jpg'),
(220, 13, '14070486684-full%20(1).jpg'),
(221, 13, '14074379982-400x300.jpg'),
(222, 13, '14074379982-full%20(1).jpg'),
(223, 13, '14074379982-full.jpg'),
(224, 13, '14074379983-400x300.jpg'),
(225, 13, '14074388642-full%20(1).jpg'),
(226, 13, '14074388644-full.jpg'),
(227, 13, '14074388645-full.jpg'),
(228, 14, '14074398382-400x300.jpg'),
(229, 16, '1410151717282778-james-rodriguez.jpg'),
(230, 16, '1410151717eMTwmWHxD1Y.jpg'),
(231, 16, '1410151717kzFSepHli1M.jpg');

-- --------------------------------------------------------

--
-- Структура таблицы `image_apartment_rent`
--

CREATE TABLE IF NOT EXISTS `image_apartment_rent` (
  `id` int(11) NOT NULL AUTO_INCREMENT,
  `apartment_rent_id` int(11) NOT NULL,
  `path` varchar(300) NOT NULL,
  PRIMARY KEY (`id`),
  KEY `apartment_rent_id` (`apartment_rent_id`)
) ENGINE=InnoDB  DEFAULT CHARSET=utf8 AUTO_INCREMENT=87 ;

--
-- Дамп данных таблицы `image_apartment_rent`
--

INSERT INTO `image_apartment_rent` (`id`, `apartment_rent_id`, `path`) VALUES
(22, 2, '140704934235-full.jpg'),
(23, 2, '140704934242-full.jpg'),
(24, 2, '140704934243-full.jpg'),
(25, 2, '140704934244-full.jpg'),
(26, 2, '140704934245-full.jpg'),
(27, 2, '140704934246-full.jpg'),
(28, 2, '140704934254-full.jpg'),
(29, 2, '140704934255-full.jpg'),
(30, 2, '140704934257-full.jpg'),
(31, 2, '140704934264-full.jpg'),
(32, 2, '140704934265-full.jpg'),
(33, 2, '140704934268-full.jpg'),
(34, 2, '140704934269-full.jpg'),
(35, 3, '14070497272-full.jpg'),
(36, 3, '14070497273-full.jpg'),
(37, 3, '14070497274-full.jpg'),
(38, 3, '14070497275-full.jpg'),
(39, 3, '14070497276-full.jpg'),
(40, 3, '14070497277-full.jpg'),
(41, 3, '14070497278-full.jpg'),
(42, 3, '14070497279-full.jpg'),
(43, 3, '140704972710-full.jpg'),
(44, 3, '140704972711-full.jpg'),
(45, 3, '140704972712-full.jpg'),
(46, 3, '140704972713-full.jpg'),
(47, 3, '140704972714-full.jpg'),
(48, 3, '140704972715-full.jpg'),
(49, 3, '140704972716-full.jpg'),
(50, 3, '140704972717-full.jpg'),
(51, 4, '14070500581-full.jpg'),
(52, 4, '14070500582-full.jpg'),
(53, 5, '14070502711-full%20(1).jpg'),
(54, 5, '14070502712-full%20(1).jpg'),
(55, 5, '14070502713-full.jpg'),
(56, 6, '14070506061-full%20(2).jpg'),
(57, 6, '14070506062-full.jpg'),
(58, 6, '14070506063-full.jpg'),
(59, 6, '14070506064-full.jpg'),
(60, 6, '14070506066-full.jpg'),
(61, 6, '140705060613-full.jpg'),
(62, 7, '14070528381-full.jpg'),
(63, 7, '14070528382-full.jpg'),
(64, 7, '14070528383-full.jpg'),
(65, 7, '14070528384-full.jpg'),
(66, 7, '14070528385-full.jpg'),
(67, 8, '14070530621-full%20(1).jpg'),
(68, 8, '14070530622-full.jpg'),
(69, 8, '14070530623-full.jpg'),
(70, 8, '14070530624-full.jpg'),
(71, 8, '14070530625-full.jpg'),
(72, 8, '14070530626-full.jpg'),
(73, 9, '14070533611-full.jpg'),
(74, 9, '14070533612-full.jpg'),
(75, 9, '14070533613-full.jpg'),
(76, 9, '14070533614-full.jpg'),
(77, 9, '14070533615-full.jpg'),
(78, 9, '14070533616-full.jpg'),
(79, 10, '14070536121-full%20(1).jpg'),
(80, 10, '14070536122-full.jpg'),
(81, 10, '14070536123-full.jpg'),
(82, 10, '14070536124-full.jpg'),
(83, 10, '14070536125-full.jpg'),
(84, 10, '14070536126-full.jpg'),
(85, 11, '14074390072-400x300.jpg'),
(86, 12, '14074392946-full.jpg');

-- --------------------------------------------------------

--
-- Структура таблицы `image_cottage`
--

CREATE TABLE IF NOT EXISTS `image_cottage` (
  `id` int(11) NOT NULL AUTO_INCREMENT,
  `cottage_id` int(11) NOT NULL,
  `path` varchar(300) NOT NULL,
  PRIMARY KEY (`id`),
  KEY `cottage_id` (`cottage_id`)
) ENGINE=InnoDB  DEFAULT CHARSET=utf8 AUTO_INCREMENT=152 ;

--
-- Дамп данных таблицы `image_cottage`
--

INSERT INTO `image_cottage` (`id`, `cottage_id`, `path`) VALUES
(85, 4, '14068418933-full.jpg'),
(86, 4, '14068418934-full.jpg'),
(87, 4, '14068418936-full.jpg'),
(88, 5, '14069810574-full.jpg'),
(89, 5, '14069810576-full.jpg'),
(90, 5, '14069810577-full.jpg'),
(91, 6, '14069818379-full.jpg'),
(92, 6, '140698183710-60x45.jpg'),
(93, 6, '140698183711-full.jpg'),
(94, 6, '140698183718-60x45.jpg'),
(95, 7, '14069823754-full.jpg'),
(96, 7, '14069823755-400x300.jpg'),
(97, 7, '14069823682-400x300.jpg'),
(98, 7, '14069823683-400x300.jpg'),
(99, 7, '14069823683-full.jpg'),
(100, 7, '14069823684-400x300%20-%20Copy.jpg'),
(107, 9, '14069832565-400x300.jpg'),
(108, 9, '14069832567-full.jpg'),
(109, 9, '14069832561-full%20(1).jpg'),
(115, 11, '14069920728-60x45.jpg'),
(116, 11, '14069920729-60x45.jpg'),
(117, 11, '14069920729-full.jpg'),
(118, 11, '140699207210-60x45.jpg'),
(119, 2, '14065582011-400x300.jpg'),
(120, 2, '14065582012-full.jpg'),
(121, 2, '14065582013-full.jpg'),
(122, 2, '14065582014-full.jpg'),
(123, 2, '14065582015-full.jpg'),
(130, 13, '1407067756f.jpg'),
(131, 13, '1407067756f4.jpg'),
(132, 13, '1407067756g.jpg'),
(133, 14, '1407068124f1.jpg'),
(134, 14, '1407068124f2.jpg'),
(135, 14, '1407068124f3.jpg'),
(136, 15, '1407068387f6.jpg'),
(137, 15, '1407068387f12.jpg'),
(138, 15, '1407068387d1.jpg'),
(139, 12, '14070689571-full.jpg'),
(140, 12, '14070689572-full.jpg'),
(141, 12, '14070689573-full.jpg'),
(142, 12, '14070689574-full.jpg'),
(143, 12, '14070689575-full.jpg'),
(144, 12, '14070689576-full%20(1).jpg'),
(145, 15, '14074379092-full%20(1).jpg'),
(146, 15, '14074379095-400x300%20(1).jpg'),
(147, 15, '14074379095-400x300.jpg'),
(148, 15, '14074379095-full.jpg'),
(149, 15, '140743941511-full.jpg'),
(150, 15, '140743951911-full.jpg'),
(151, 15, '140743959511-full.jpg');

-- --------------------------------------------------------

--
-- Структура таблицы `image_cottage_rent`
--

CREATE TABLE IF NOT EXISTS `image_cottage_rent` (
  `id` int(11) NOT NULL AUTO_INCREMENT,
  `cottage_rent_id` int(11) NOT NULL,
  `path` varchar(300) NOT NULL,
  PRIMARY KEY (`id`),
  KEY `cottage_rent_id` (`cottage_rent_id`)
) ENGINE=InnoDB  DEFAULT CHARSET=utf8 AUTO_INCREMENT=77 ;

--
-- Дамп данных таблицы `image_cottage_rent`
--

INSERT INTO `image_cottage_rent` (`id`, `cottage_rent_id`, `path`) VALUES
(9, 1, '14068431281-full.jpg'),
(10, 1, '14068431287-full.jpg'),
(11, 1, '14068431289-full.jpg'),
(12, 1, '140684312811-full.jpg'),
(13, 2, '14070920241-full.jpg'),
(14, 2, '14070920242-full.jpg'),
(15, 2, '14070920243-full.jpg'),
(16, 2, '14070920244-full.jpg'),
(17, 2, '14070920245-full.jpg'),
(18, 2, '14070920246-full%20(1).jpg'),
(19, 3, '140712719017-full.jpg'),
(20, 3, '140712719018-full.jpg'),
(21, 3, '140712719120-full.jpg'),
(22, 3, '140712719124-full.jpg'),
(23, 3, '140712719125-full.jpg'),
(24, 4, '14071274741-full.jpg'),
(25, 4, '14071274742-full.jpg'),
(26, 4, '14071274743-full.jpg'),
(27, 5, '14071277971-full%20(1).jpg'),
(28, 5, '14071277972-full.jpg'),
(29, 5, '14071277973-full.jpg'),
(30, 5, '14071277974-full.jpg'),
(31, 5, '14071277975-full.jpg'),
(32, 5, '14071277976-full.jpg'),
(33, 6, '14071285951-full.jpg'),
(34, 6, '14071285952-full.jpg'),
(35, 6, '14071285953-full.jpg'),
(36, 6, '14071285954-full.jpg'),
(37, 6, '14071285956-full.jpg'),
(38, 7, '14071289481-full%20(1).jpg'),
(39, 7, '14071289482-full.jpg'),
(40, 7, '14071289483-full.jpg'),
(41, 7, '14071289484-full.jpg'),
(42, 7, '14071289485-full.jpg'),
(43, 7, '14071289486-full.jpg'),
(44, 7, '14071289487-full.jpg'),
(45, 7, '14071289488-full.jpg'),
(46, 7, '14071289489-full.jpg'),
(47, 7, '140712894810-full.jpg'),
(48, 7, '140712894811-full.jpg'),
(49, 7, '140712894812-full.jpg'),
(50, 7, '140712894813-full.jpg'),
(51, 7, '140712894814-full.jpg'),
(52, 7, '140712894815-full.jpg'),
(53, 7, '140712894816-full.jpg'),
(54, 7, '140712894817-full.jpg'),
(55, 7, '140712894818-full.jpg'),
(56, 8, '140712923514-full.jpg'),
(57, 8, '140712923515-full.jpg'),
(58, 8, '140712923516-full.jpg'),
(59, 8, '140712923517-full.jpg'),
(60, 8, '140712923519-full.jpg'),
(61, 8, '140712923525-full.jpg'),
(62, 9, '14071294201-full.jpg'),
(63, 9, '14071294202-full.jpg'),
(64, 9, '14071294203-full.jpg'),
(65, 9, '14071294204-full.jpg'),
(66, 9, '14071294205-full.jpg'),
(67, 10, '14074401149-full.jpg'),
(68, 12, '14078446012-full.jpg'),
(69, 12, '14078446013-full.jpg'),
(70, 12, '14078446015-full.jpg'),
(71, 12, '14078446016-full%20(1).jpg'),
(72, 12, '140784460123-full.jpg'),
(73, 12, '140784460139-full.jpg'),
(74, 12, '140784460142-full.jpg'),
(75, 12, '140784460143-full.jpg'),
(76, 12, '140784460156-full.jpg');

-- --------------------------------------------------------

--
-- Структура таблицы `region`
--

CREATE TABLE IF NOT EXISTS `region` (
  `id` int(11) NOT NULL AUTO_INCREMENT,
  `name` varchar(30) NOT NULL,
  PRIMARY KEY (`id`)
) ENGINE=InnoDB  DEFAULT CHARSET=utf8 AUTO_INCREMENT=4 ;

--
-- Дамп данных таблицы `region`
--

INSERT INTO `region` (`id`, `name`) VALUES
(1, 'Есильский'),
(2, 'Сарыаркинский'),
(3, 'Алматинский');

-- --------------------------------------------------------

--
-- Структура таблицы `residential_complex`
--

CREATE TABLE IF NOT EXISTS `residential_complex` (
  `id` int(11) NOT NULL AUTO_INCREMENT,
  `region_id` int(11) NOT NULL,
  `name` varchar(50) NOT NULL,
  PRIMARY KEY (`id`),
  KEY `region_id` (`region_id`)
) ENGINE=InnoDB  DEFAULT CHARSET=utf8 AUTO_INCREMENT=423 ;

--
-- Дамп данных таблицы `residential_complex`
--

INSERT INTO `residential_complex` (`id`, `region_id`, `name`) VALUES
(1, 1, '6 микрорайон'),
(2, 1, '13 магистраль'),
(3, 1, '7 Бочек'),
(4, 1, '7 Континент'),
(5, 1, 'Akbulak Hills'),
(6, 1, 'Akbulak Town'),
(7, 1, 'Arman De Lux'),
(8, 1, 'Bi Town'),
(9, 1, 'Bi-Village (КГ)'),
(10, 1, 'Castle House'),
(11, 1, 'Clubhouse'),
(12, 1, 'Comfort Town'),
(13, 1, 'Deluxe Town'),
(14, 1, 'Edel'),
(15, 1, 'Expo Сity'),
(16, 1, 'Family Village (КГ)'),
(17, 1, 'Future home Astana'),
(18, 1, 'Garden Village'),
(19, 1, 'Grand Alatau'),
(20, 1, 'KingHouse'),
(21, 1, 'Rixos Khan Shatyr Residences'),
(22, 1, 'Victoria Palace'),
(23, 1, 'Viva Plaza'),
(24, 1, 'Well House'),
(25, 1, 'Абай-2'),
(26, 1, 'Абай на Отырар - Габдуллина'),
(27, 1, 'Абай на Победы - Абая'),
(28, 1, 'Абылайхан'),
(29, 1, 'Авангард'),
(30, 1, 'Авиценна'),
(31, 1, 'Авицена-Элит'),
(32, 1, 'Аврора'),
(33, 1, 'Адель'),
(34, 1, 'Азат'),
(35, 1, 'Азия Плюс'),
(36, 1, 'Айгерим'),
(37, 1, 'Айка'),
(38, 1, 'Айсанам'),
(39, 1, 'Айсанам De Luxe'),
(40, 1, 'Айя'),
(41, 1, 'Академия'),
(42, 1, 'Ак Бота'),
(43, 1, 'Ак Булак'),
(44, 1, 'Ак Булак-2'),
(45, 1, 'Ак Булак-3'),
(46, 1, 'Акбулак'),
(47, 1, 'Ак Дала'),
(48, 1, 'Акерке'),
(49, 1, 'Ак Жайык'),
(50, 1, 'Аккорд Плюс'),
(51, 1, 'Ак Орда'),
(52, 1, 'Ак Отау'),
(53, 1, 'Ак Отау – 2'),
(54, 1, 'Ак Сарай'),
(55, 1, 'Ак Сарай-2'),
(56, 1, 'Ак Шанырак'),
(57, 1, 'Академия на Кургалжинском шоссе'),
(58, 1, 'Аккорд'),
(59, 1, 'Аксу'),
(60, 1, 'Алатау'),
(61, 1, 'Алмалы'),
(62, 1, 'Алматы'),
(63, 1, 'Алтай'),
(64, 1, 'Алтын Tulip'),
(65, 1, 'Алтын Булак'),
(66, 1, 'Алтын Босага'),
(67, 1, 'Алтын Гасыр'),
(68, 1, 'Алтын Жиек'),
(69, 1, 'Алтын Корган'),
(70, 1, 'Алтын Орда'),
(71, 1, 'Алтын Раид'),
(72, 1, 'Алтын Уя'),
(73, 1, 'Аль-Арка'),
(74, 1, 'Альбион'),
(75, 1, 'Альтаир'),
(76, 1, 'Аль-Фараби'),
(77, 1, 'Аль-Фараби-2'),
(78, 1, 'Амангельды'),
(79, 1, 'Английский квартал'),
(80, 1, 'Анфилада'),
(81, 1, 'Апато'),
(82, 1, 'Апато Тауэр'),
(83, 1, 'Арабика'),
(84, 1, 'Арай'),
(85, 1, 'Арайлым'),
(86, 1, 'Арман'),
(87, 1, 'Арман кала'),
(88, 1, 'Арнау'),
(89, 1, 'Арыстан'),
(90, 1, 'Асем Кала'),
(91, 1, 'Асем Тас'),
(92, 1, 'АСИ 33/23'),
(93, 1, 'Астана жулдызы'),
(94, 1, 'Астана Меруерт'),
(95, 1, 'Астана Сити'),
(96, 1, 'Атамекен'),
(97, 1, 'Атриум'),
(98, 1, 'Аурика'),
(99, 1, 'Ашык Аспан'),
(100, 1, 'Бавария'),
(101, 1, 'Байконур'),
(102, 1, 'Байконыс'),
(103, 1, 'Бареева'),
(104, 1, 'Барыс'),
(105, 1, 'Батыр'),
(106, 1, 'Бахус-2'),
(107, 1, 'Баян Сулу'),
(108, 1, 'Береке'),
(109, 1, 'Богенбай Батыр'),
(110, 1, 'Болашак'),
(111, 1, 'Британский квартал'),
(112, 1, 'Бурлин'),
(113, 1, 'Верный'),
(114, 1, 'Верный-2'),
(115, 1, 'Версаль'),
(116, 1, 'Визит'),
(117, 1, 'Виктория'),
(118, 1, 'Возрождение'),
(119, 1, 'Восток'),
(120, 1, 'Восточный'),
(121, 1, 'Восточный-2'),
(122, 1, 'Времена года'),
(123, 1, 'Гарант'),
(124, 1, 'Гармония'),
(125, 1, 'Городской романс'),
(126, 1, 'Гранд Астана'),
(127, 1, 'Градокомплекс-2'),
(128, 1, 'Градокомплекс-3'),
(129, 1, 'Гранитный'),
(130, 1, 'Грация'),
(131, 1, 'Грация Элит'),
(132, 1, 'Грин виладж'),
(133, 1, 'Гулдер'),
(134, 1, 'Гулистан'),
(135, 1, 'Дания'),
(136, 1, 'Данияр'),
(137, 1, 'Дарус'),
(138, 1, 'Дебют'),
(139, 1, 'Дельфин'),
(140, 1, 'Джунгарские Ворота'),
(141, 1, 'Дипломат'),
(142, 1, 'Домъ'),
(143, 1, 'Достар'),
(144, 1, 'Достар-2'),
(145, 1, 'Достар-3'),
(146, 1, 'Достык'),
(147, 1, 'Дружба'),
(148, 1, 'Дуэт'),
(149, 1, 'Евразия'),
(150, 1, 'Европа Палас'),
(151, 1, 'Европейский'),
(152, 1, 'Егемен'),
(153, 1, 'Ельтай'),
(154, 1, 'Ельтай-2'),
(155, 1, 'Енлик'),
(156, 1, 'Есиль'),
(157, 1, 'Жагалау'),
(158, 1, 'Жагалау-2'),
(159, 1, 'Жагалау-3'),
(160, 1, 'Жагалау-4'),
(161, 1, 'Жайдарман'),
(162, 1, 'Жайна'),
(163, 1, 'Жана Толкын'),
(164, 1, 'Жанат'),
(165, 1, 'Жансая'),
(166, 1, 'Жануя'),
(167, 1, 'Жар-Жар'),
(168, 1, 'Жаркын'),
(169, 1, 'Жарык'),
(170, 1, 'Жас Кайрат'),
(171, 1, 'Жас канат'),
(172, 1, 'Жасмин'),
(173, 1, 'Жастар'),
(174, 1, 'Жастар-2'),
(175, 1, 'Жастар-3'),
(176, 1, 'Жастар-4'),
(177, 1, 'Жасыл ел'),
(178, 1, 'Железнодорожный'),
(179, 1, 'Женис'),
(180, 1, 'Жетi Жол'),
(181, 1, 'Жетысу'),
(182, 1, 'Жибек Жолы'),
(183, 1, 'Жигер'),
(184, 1, 'Жигер-2'),
(185, 1, 'Замечательный'),
(186, 1, 'Запад'),
(187, 1, 'Звезда Астаны'),
(188, 1, 'Зере'),
(189, 1, 'Зере – 2'),
(190, 1, 'Зерде'),
(191, 1, 'Золотой'),
(192, 1, 'Золотой дом'),
(193, 1, 'Золотая миля'),
(194, 1, 'Изобилие'),
(195, 1, 'Изумруд'),
(196, 1, 'Изумрудный Квартал'),
(197, 1, 'Империя'),
(198, 1, 'Инфинити'),
(199, 1, 'Инфинити-2'),
(200, 1, 'Искандер'),
(201, 1, 'Итальянский квартал'),
(202, 1, 'Ишим'),
(203, 1, 'Казахстан'),
(204, 1, 'КазГЮА'),
(205, 1, 'Кайнар'),
(206, 1, 'Кайнар-2'),
(207, 1, 'Каминный'),
(208, 1, 'Кампус'),
(209, 1, 'Капитал'),
(210, 1, 'Караван-1'),
(211, 1, 'Караван-2'),
(212, 1, 'Каражат'),
(213, 1, 'Каскад'),
(214, 1, 'Каспиан Палас'),
(215, 1, 'Кахарман'),
(216, 1, 'Кегок'),
(217, 1, 'Кенесары'),
(218, 1, 'Керемет'),
(219, 1, 'Кайнар-2'),
(220, 1, 'Китайская Стена'),
(221, 1, 'Коксу'),
(222, 1, 'Коктем'),
(223, 1, 'Комсомольский'),
(224, 1, 'Комфорт'),
(225, 1, 'Коргалжынский квартал'),
(226, 1, 'Коркем'),
(227, 1, 'Красная деревня'),
(228, 1, 'Краун Плаза'),
(229, 1, 'Кукуруза'),
(230, 1, 'Кулагер'),
(231, 1, 'Кулан'),
(232, 1, 'Кулан-2'),
(233, 1, 'Кулан'),
(234, 1, 'Кульсай'),
(235, 1, 'Кыз Жибек'),
(236, 1, 'Кыпшак'),
(237, 1, 'Лазурный квартал'),
(238, 1, 'Лесная поляна'),
(239, 1, 'Лея'),
(240, 1, 'Лондон'),
(241, 1, 'Магистральный'),
(242, 1, 'Магистральный-3'),
(243, 1, 'Максат'),
(244, 1, 'Мария'),
(245, 1, 'Махаббат'),
(246, 1, 'Махаббат-2'),
(247, 1, 'Медео'),
(248, 1, 'Медик'),
(249, 1, 'Медина'),
(250, 1, 'Мерей'),
(251, 1, 'Мерей Интерконти'),
(252, 1, 'Мереке'),
(253, 1, 'Мереке-2'),
(254, 1, 'Меретти'),
(255, 1, 'Меруерт'),
(256, 1, 'МЖК'),
(257, 1, 'Микрорайон Достар - 3'),
(258, 1, 'Миланский квартал'),
(259, 1, 'Millennium Park'),
(260, 1, 'Минима+'),
(261, 1, 'Мирас'),
(262, 1, 'Мирас-2'),
(263, 1, 'Мирный'),
(264, 1, 'Мисон'),
(265, 1, 'Молодая семья'),
(266, 1, 'Молодая семья-2'),
(267, 1, 'Монблан де Люкс'),
(268, 1, 'Москва'),
(269, 1, 'Мунар'),
(270, 1, 'На Водно-зеленом бульваре'),
(271, 1, 'Наурыз'),
(272, 1, 'Независимость'),
(273, 1, 'Нипи'),
(274, 1, 'Новосел'),
(275, 1, 'Новый мир'),
(276, 1, 'Номад'),
(277, 1, 'Норд'),
(278, 1, 'Нур Канат'),
(279, 1, 'Нур-Нур'),
(280, 1, 'Нур Отау'),
(281, 1, 'Нурай'),
(282, 1, 'Нурканат'),
(283, 1, 'Нурлы Дала'),
(284, 1, 'Нурсая'),
(285, 1, 'Нурсая Бонита'),
(286, 1, 'Оберег'),
(287, 1, 'Окжетпес'),
(288, 1, 'Олимп палас'),
(289, 1, 'Олимп палас-2'),
(290, 1, 'Омир'),
(291, 1, 'ОМК центр'),
(292, 1, 'Орбита'),
(293, 1, 'Орбита-2'),
(294, 1, 'Ориенталь'),
(295, 1, 'Орион'),
(296, 1, 'Ордабасы'),
(297, 1, 'Оркен де Люкс'),
(298, 1, 'Отандастар'),
(299, 1, 'Отау'),
(300, 1, 'Отель Дипломат'),
(301, 1, 'Отрада'),
(302, 1, 'Отырар'),
(303, 1, 'Памир'),
(304, 1, 'Парижский Квартал'),
(305, 1, 'Парковый'),
(306, 1, 'По 12 Магистрали-Жумабаева'),
(307, 1, 'По 188-ой улице'),
(308, 1, 'По Кумисбекова'),
(309, 1, 'По Манаса'),
(310, 1, 'По Махтумкули'),
(311, 1, 'По Мирзояна'),
(312, 1, 'По Орынбор'),
(313, 1, 'По Сарайшык'),
(314, 1, 'По Свердлова'),
(315, 1, 'По Сейфуллина'),
(316, 1, 'По Тлендиева'),
(317, 1, 'По Ш.Кудайбердыулы'),
(318, 1, 'По Янушкевича'),
(319, 1, 'Победа'),
(320, 1, 'Премиум'),
(321, 1, 'Премьера'),
(322, 1, 'Престиж'),
(323, 1, 'Радуга'),
(324, 1, 'Рахат'),
(325, 1, 'Садовые кварталы'),
(326, 1, 'Сайран'),
(327, 1, 'Салтанат'),
(328, 1, 'Самрук'),
(329, 1, 'Сан сити'),
(330, 1, 'Сана'),
(331, 1, 'Сапа-2007'),
(332, 1, 'Сарайшик'),
(333, 1, 'Сармат'),
(334, 1, 'Сармат-2'),
(335, 1, 'Сарыарка'),
(336, 1, 'Сарыбулак'),
(337, 1, 'Сатты'),
(338, 1, 'Саулет'),
(339, 1, 'Сауран'),
(340, 1, 'Саяхат'),
(341, 1, 'Светлый'),
(342, 1, 'Свечки'),
(343, 1, 'Север'),
(344, 1, 'Северная корона'),
(345, 1, 'Северное сияние'),
(346, 1, 'Седьмой Континент'),
(347, 1, 'Сезам'),
(348, 1, 'Семь Бочек'),
(349, 1, 'Семь палат'),
(350, 1, 'Сеным'),
(351, 1, 'Симфония'),
(352, 1, 'Сказка'),
(353, 1, 'Сказочный мир'),
(354, 1, 'Скиф'),
(355, 1, 'Созвездие'),
(356, 1, 'Солнечный'),
(357, 1, 'Солнечный город'),
(358, 1, 'Соло'),
(359, 1, 'Социал'),
(360, 1, 'Социум'),
(361, 1, 'Союз Апполон'),
(362, 1, 'Статус'),
(363, 1, 'Степной'),
(364, 1, 'Столичный'),
(365, 1, 'Столичный-2'),
(366, 1, 'Сулу'),
(367, 1, 'Сымбат'),
(368, 1, 'Талапкерский'),
(369, 1, 'Тамыз'),
(370, 1, 'Тараз'),
(371, 1, 'Тархан'),
(372, 1, 'Теремок'),
(373, 1, 'Территория Комфорта'),
(374, 1, 'Территория Комфорта-2'),
(375, 1, 'Титаник'),
(376, 1, 'Тлендиева'),
(377, 1, 'Торлет'),
(378, 1, 'Триумф Астаны'),
(379, 1, 'Триумфальный'),
(380, 1, 'Тулпар'),
(381, 1, 'Тулпар (Объединение-Сайран)'),
(382, 1, 'Тулпар Элит'),
(383, 1, 'Тумар'),
(384, 1, 'Туран'),
(385, 1, 'Туркестан'),
(386, 1, 'Турсын Астана'),
(387, 1, 'Улан'),
(388, 1, 'Улытау'),
(389, 1, 'Успех'),
(390, 1, 'Уют'),
(391, 1, 'Фаворит'),
(392, 1, 'Факультет'),
(393, 1, 'Фиеста'),
(394, 1, 'Формула успеха'),
(395, 1, 'Форт Строй'),
(396, 1, 'Фортуна'),
(397, 1, 'Французкий Квартал'),
(398, 1, 'Хайвил Астана'),
(399, 1, 'Хан Тенгри'),
(400, 1, 'Целиноград'),
(401, 1, 'ЦМТ - Центр Международной Торговли'),
(402, 1, 'Шанырак'),
(403, 1, 'Шанырак-2'),
(404, 1, 'Шанырак Премиум'),
(405, 1, 'Шапагат нуры'),
(406, 1, 'Шахар'),
(407, 1, 'Шыгыс'),
(408, 1, 'Ырыс'),
(409, 1, 'Эверест'),
(410, 1, 'Эгалите'),
(411, 1, 'Эдельвейс'),
(412, 1, 'Эдем'),
(413, 1, 'Эдем палас'),
(414, 1, 'Эдем палас-2'),
(415, 1, 'Эксклюзив'),
(416, 1, 'Эльнара'),
(417, 1, 'Эмират'),
(418, 1, 'Эталон'),
(419, 1, 'Этюд'),
(420, 1, 'ЮГ-1'),
(421, 1, 'Юго-Восток'),
(422, 1, 'Южный');

-- --------------------------------------------------------

--
-- Структура таблицы `users`
--

CREATE TABLE IF NOT EXISTS `users` (
  `id` int(11) NOT NULL AUTO_INCREMENT,
  `name` varchar(50) NOT NULL,
  `email` varchar(50) NOT NULL,
  `password` varchar(50) NOT NULL,
  `status` enum('0','1') NOT NULL DEFAULT '0',
  `date` datetime NOT NULL,
  PRIMARY KEY (`id`),
  UNIQUE KEY `email` (`email`)
) ENGINE=InnoDB  DEFAULT CHARSET=utf8 AUTO_INCREMENT=38 ;

--
-- Дамп данных таблицы `users`
--

INSERT INTO `users` (`id`, `name`, `email`, `password`, `status`, `date`) VALUES
(17, 'Gaukhar', 'gauhar_axakalova@mail.ru', 'Sundet', '0', '2014-08-16 18:15:18'),
(29, 'Sundet', 'axakalov@gmail.com', 'Sundet', '0', '2014-08-16 22:37:32'),
(35, 'Sundet', 'ax_sundet@mail.ru', 'sundet', '0', '2014-08-16 23:06:23'),
(36, '', '', '', '0', '2014-08-17 01:49:11'),
(37, 'Sundet', 'ax@mail.ru', 'sundet', '0', '2014-09-07 16:51:51');

--
-- Ограничения внешнего ключа сохраненных таблиц
--

--
-- Ограничения внешнего ключа таблицы `image_cottage`
--
ALTER TABLE `image_cottage`
  ADD CONSTRAINT `image_cottage_ibfk_1` FOREIGN KEY (`cottage_id`) REFERENCES `cottage` (`id`);

/*!40101 SET CHARACTER_SET_CLIENT=@OLD_CHARACTER_SET_CLIENT */;
/*!40101 SET CHARACTER_SET_RESULTS=@OLD_CHARACTER_SET_RESULTS */;
/*!40101 SET COLLATION_CONNECTION=@OLD_COLLATION_CONNECTION */;
